Date,Transaction ID,Description,Debit (INR),Credit (INR),Balance (INR)
2026-01-02,TXN100001,Insurance Premium,25022,0,4974978
2026-01-03,TXN100002,Loan EMI,746190,0,4228788
2026-01-04,TXN100003,Dividend Received,0,671426,4900214
2026-01-05,TXN100004,Insurance Premium,737394,0,4162820
2026-01-06,TXN100005,Consultancy Fees,0,1980246,6143066
2026-01-07,TXN100006,Export Payment,0,1764995,7908061
2026-01-08,TXN100007,Insurance Premium,561665,0,7346396
2026-01-09,TXN100008,Client Payment - Project B,0,1723717,9070113
2026-01-10,TXN100009,Machinery Purchase,614224,0,8455889
2026-01-11,TXN100010,Vendor Payment - Raw Materials,202788,0,8253101
2026-01-12,TXN100011,Client Payment - Project A,0,1674611,9927712
2026-01-13,TXN100012,Dividend Received,0,1110551,11038263
2026-01-14,TXN100013,Dividend Received,0,465145,11503408
2026-01-15,TXN100014,Insurance Premium,86404,0,11417004
2026-01-16,TXN100015,Loan EMI,697420,0,10719584
2026-01-17,TXN100016,Export Payment,0,66245,10785829
2026-01-18,TXN100017,Vendor Payment - Raw Materials,885458,0,9900371
2026-01-19,TXN100018,Interest Credit,0,1018555,10918926
2026-01-20,TXN100019,Interest Credit,0,1378689,12297615
2026-01-21,TXN100020,Export Payment,0,1412808,13710423
2026-01-22,TXN100021,Machinery Purchase,41410,0,13669013
2026-01-23,TXN100022,Machinery Purchase,191272,0,13477741
2026-01-24,TXN100023,Logistics Payment,46182,0,13431559
2026-01-25,TXN100024,Insurance Premium,658305,0,12773254
2026-01-26,TXN100025,Interest Credit,0,1273981,14047235
2026-01-27,TXN100026,Government Contract,0,767274,14814509
2026-01-28,TXN100027,Machinery Purchase,692428,0,14122081
2026-01-29,TXN100028,Interest Credit,0,1343691,15465772
2026-01-30,TXN100029,Loan EMI,232196,0,15233576
2026-01-01,TXN100030,Dividend Received,0,1989665,17223241
2026-01-02,TXN100031,Electricity Bill,577849,0,16645392
2026-01-03,TXN100032,Government Contract,0,1577914,18223306
2026-01-04,TXN100033,Export Payment,0,864039,19087345
2026-01-05,TXN100034,Consultancy Fees,0,1571036,20658381
2026-01-06,TXN100035,Machinery Purchase,513532,0,20144849
2026-01-07,TXN100036,Salary Disbursement,145952,0,19998897
2026-01-08,TXN100037,Logistics Payment,328708,0,19670189
2026-01-09,TXN100038,Salary Disbursement,685464,0,18984725
2026-01-10,TXN100039,Insurance Premium,214469,0,18770256
2026-01-11,TXN100040,Export Payment,0,1585031,20355287
2026-01-12,TXN100041,Loan EMI,625131,0,19730156
2026-01-13,TXN100042,Marketing Expenses,788623,0,18941533
2026-01-14,TXN100043,Salary Disbursement,450473,0,18491060
2026-01-15,TXN100044,GST Payment,45125,0,18445935
2026-01-16,TXN100045,Electricity Bill,120707,0,18325228
2026-01-17,TXN100046,Dividend Received,0,1380724,19705952
2026-01-18,TXN100047,Loan EMI,219423,0,19486529
2026-01-19,TXN100048,Salary Disbursement,167038,0,19319491
2026-01-20,TXN100049,GST Payment,74009,0,19245482
2026-01-21,TXN100050,Export Payment,0,410334,19655816
2026-01-22,TXN100051,Salary Disbursement,797247,0,18858569
2026-01-23,TXN100052,Interest Credit,0,745478,19604047
2026-01-24,TXN100053,GST Payment,416483,0,19187564
2026-01-25,TXN100054,Client Payment - Project A,0,1685447,20873011
2026-01-26,TXN100055,Loan EMI,253310,0,20619701
2026-01-27,TXN100056,Client Payment - Project A,0,273244,20892945
2026-01-28,TXN100057,Machinery Purchase,853357,0,20039588
2026-01-29,TXN100058,Export Payment,0,727377,20766965
2026-01-30,TXN100059,Insurance Premium,960768,0,19806197
2026-01-01,TXN100060,Export Payment,0,919614,20725811
2026-01-02,TXN100061,Interest Credit,0,70399,20796210
2026-01-03,TXN100062,Logistics Payment,433953,0,20362257
2026-01-04,TXN100063,Government Contract,0,1693223,22055480
2026-01-05,TXN100064,Export Payment,0,1506891,23562371
2026-01-06,TXN100065,Electricity Bill,966804,0,22595567
2026-01-07,TXN100066,Marketing Expenses,829228,0,21766339
2026-01-08,TXN100067,Salary Disbursement,75029,0,21691310
2026-01-09,TXN100068,Export Payment,0,1118182,22809492
2026-01-10,TXN100069,Logistics Payment,669321,0,22140171
2026-01-11,TXN100070,Export Payment,0,1204132,23344303
2026-01-12,TXN100071,Insurance Premium,562484,0,22781819
2026-01-13,TXN100072,GST Payment,914795,0,21867024
2026-01-14,TXN100073,Export Payment,0,1031184,22898208
2026-01-15,TXN100074,Machinery Purchase,23141,0,22875067
2026-01-16,TXN100075,Export Payment,0,372828,23247895
2026-01-17,TXN100076,Consultancy Fees,0,582142,23830037
2026-01-18,TXN100077,Consultancy Fees,0,1418885,25248922
2026-01-19,TXN100078,Consultancy Fees,0,214089,25463011
2026-01-20,TXN100079,GST Payment,521819,0,24941192
2026-01-21,TXN100080,Government Contract,0,1344827,26286019
2026-01-22,TXN100081,Government Contract,0,301319,26587338
2026-01-23,TXN100082,Logistics Payment,389653,0,26197685
2026-01-24,TXN100083,Machinery Purchase,532626,0,25665059
2026-01-25,TXN100084,Marketing Expenses,629923,0,25035136
2026-01-26,TXN100085,Dividend Received,0,1239497,26274633
2026-01-27,TXN100086,Salary Disbursement,140522,0,26134111
2026-01-28,TXN100087,International Client Payment,0,383720,26517831
2026-01-29,TXN100088,Government Contract,0,1602067,28119898
2026-01-30,TXN100089,Vendor Payment - Raw Materials,696349,0,27423549
2026-01-01,TXN100090,Salary Disbursement,779064,0,26644485
2026-01-02,TXN100091,Consultancy Fees,0,604796,27249281
2026-01-03,TXN100092,Machinery Purchase,749027,0,26500254
2026-01-04,TXN100093,Government Contract,0,1656925,28157179
2026-01-05,TXN100094,Government Contract,0,1910714,30067893
2026-01-06,TXN100095,Client Payment - Project A,0,1273879,31341772
2026-01-07,TXN100096,Interest Credit,0,1656959,32998731
2026-01-08,TXN100097,Consultancy Fees,0,1702411,34701142
2026-01-09,TXN100098,International Client Payment,0,882317,35583459
2026-01-10,TXN100099,Electricity Bill,207917,0,35375542
2026-01-11,TXN100100,Office Rent,964310,0,34411232
2026-01-12,TXN100101,Office Rent,264366,0,34146866
2026-01-13,TXN100102,Marketing Expenses,420113,0,33726753
2026-01-14,TXN100103,Marketing Expenses,94629,0,33632124
2026-01-15,TXN100104,Electricity Bill,261410,0,33370714
2026-01-16,TXN100105,Loan EMI,800628,0,32570086
2026-01-17,TXN100106,Marketing Expenses,915589,0,31654497
2026-01-18,TXN100107,International Client Payment,0,1751686,33406183
2026-01-19,TXN100108,Export Payment,0,1423671,34829854
2026-01-20,TXN100109,Insurance Premium,778497,0,34051357
2026-01-21,TXN100110,Export Payment,0,1727624,35778981
2026-01-22,TXN100111,International Client Payment,0,1781219,37560200
2026-01-23,TXN100112,Electricity Bill,772828,0,36787372
2026-01-24,TXN100113,GST Payment,341497,0,36445875
2026-01-25,TXN100114,International Client Payment,0,1817095,38262970
2026-01-26,TXN100115,Consultancy Fees,0,123003,38385973
2026-01-27,TXN100116,Dividend Received,0,229451,38615424
2026-01-28,TXN100117,GST Payment,205616,0,38409808
2026-01-29,TXN100118,Office Rent,984254,0,37425554
2026-01-30,TXN100119,Loan EMI,759331,0,36666223
2026-01-01,TXN100120,Vendor Payment - Raw Materials,564615,0,36101608
2026-01-02,TXN100121,Machinery Purchase,846947,0,35254661
2026-01-03,TXN100122,Vendor Payment - Raw Materials,498866,0,34755795
2026-01-04,TXN100123,Client Payment - Project B,0,691163,35446958
2026-01-05,TXN100124,Interest Credit,0,514335,35961293
2026-01-06,TXN100125,Client Payment - Project A,0,533292,36494585
2026-01-07,TXN100126,Machinery Purchase,47303,0,36447282
2026-01-08,TXN100127,Marketing Expenses,199712,0,36247570
2026-01-09,TXN100128,Logistics Payment,942469,0,35305101
2026-01-10,TXN100129,Electricity Bill,741146,0,34563955
2026-01-11,TXN100130,Vendor Payment - Raw Materials,106506,0,34457449
2026-01-12,TXN100131,Export Payment,0,761202,35218651
2026-01-13,TXN100132,Machinery Purchase,845850,0,34372801
2026-01-14,TXN100133,Insurance Premium,249113,0,34123688
2026-01-15,TXN100134,International Client Payment,0,1476608,35600296
2026-01-16,TXN100135,Dividend Received,0,1502764,37103060
2026-01-17,TXN100136,Export Payment,0,1644816,38747876
2026-01-18,TXN100137,GST Payment,628134,0,38119742
2026-01-19,TXN100138,International Client Payment,0,1873856,39993598
2026-01-20,TXN100139,Client Payment - Project A,0,303383,40296981
2026-01-21,TXN100140,Dividend Received,0,669694,40966675
2026-01-22,TXN100141,Vendor Payment - Raw Materials,889261,0,40077414
2026-01-23,TXN100142,Office Rent,799931,0,39277483
2026-01-24,TXN100143,Loan EMI,181566,0,39095917
2026-01-25,TXN100144,Government Contract,0,1115159,40211076
2026-01-26,TXN100145,GST Payment,658731,0,39552345
2026-01-27,TXN100146,Logistics Payment,516121,0,39036224
2026-01-28,TXN100147,Interest Credit,0,943036,39979260
2026-01-29,TXN100148,Client Payment - Project B,0,1801458,41780718
2026-01-30,TXN100149,International Client Payment,0,501505,42282223
2026-01-01,TXN100150,Dividend Received,0,342706,42624929
2026-01-02,TXN100151,Loan EMI,564041,0,42060888
2026-01-03,TXN100152,Client Payment - Project A,0,1503656,43564544
2026-01-04,TXN100153,Export Payment,0,194217,43758761
2026-01-05,TXN100154,Dividend Received,0,556829,44315590
2026-01-06,TXN100155,Insurance Premium,97321,0,44218269
2026-01-07,TXN100156,Government Contract,0,355796,44574065
2026-01-08,TXN100157,Dividend Received,0,1549377,46123442
2026-01-09,TXN100158,Dividend Received,0,338577,46462019
2026-01-10,TXN100159,Export Payment,0,1013649,47475668
2026-01-11,TXN100160,Insurance Premium,966634,0,46509034
2026-01-12,TXN100161,Machinery Purchase,176610,0,46332424
2026-01-13,TXN100162,GST Payment,364053,0,45968371
2026-01-14,TXN100163,Loan EMI,619575,0,45348796
2026-01-15,TXN100164,Export Payment,0,1425660,46774456
2026-01-16,TXN100165,GST Payment,602019,0,46172437
2026-01-17,TXN100166,Vendor Payment - Raw Materials,450221,0,45722216
2026-01-18,TXN100167,Marketing Expenses,521823,0,45200393
2026-01-19,TXN100168,Machinery Purchase,393460,0,44806933
2026-01-20,TXN100169,GST Payment,319672,0,44487261
2026-01-21,TXN100170,Loan EMI,477842,0,44009419
2026-01-22,TXN100171,Marketing Expenses,136251,0,43873168
2026-01-23,TXN100172,GST Payment,380634,0,43492534
2026-01-24,TXN100173,Consultancy Fees,0,1195321,44687855
2026-01-25,TXN100174,Interest Credit,0,1901246,46589101
2026-01-26,TXN100175,Consultancy Fees,0,1719859,48308960
2026-01-27,TXN100176,Logistics Payment,729496,0,47579464
2026-01-28,TXN100177,Client Payment - Project B,0,1664760,49244224
2026-01-29,TXN100178,Export Payment,0,1139684,50383908
2026-01-30,TXN100179,Machinery Purchase,41152,0,50342756
2026-01-01,TXN100180,International Client Payment,0,1489619,51832375
2026-01-02,TXN100181,Export Payment,0,1571035,53403410
2026-01-03,TXN100182,Electricity Bill,591624,0,52811786
2026-01-04,TXN100183,Office Rent,747285,0,52064501
2026-01-05,TXN100184,Client Payment - Project B,0,459043,52523544
2026-01-06,TXN100185,Consultancy Fees,0,767856,53291400
2026-01-07,TXN100186,Government Contract,0,452834,53744234
2026-01-08,TXN100187,Salary Disbursement,584552,0,53159682
2026-01-09,TXN100188,Loan EMI,902623,0,52257059
2026-01-10,TXN100189,Machinery Purchase,920355,0,51336704
2026-01-11,TXN100190,Vendor Payment - Raw Materials,725204,0,50611500
2026-01-12,TXN100191,Client Payment - Project A,0,129874,50741374
2026-01-13,TXN100192,Consultancy Fees,0,597274,51338648
2026-01-14,TXN100193,Dividend Received,0,1322564,52661212
2026-01-15,TXN100194,Salary Disbursement,556814,0,52104398
2026-01-16,TXN100195,Dividend Received,0,177504,52281902
2026-01-17,TXN100196,Logistics Payment,97115,0,52184787
2026-01-18,TXN100197,Machinery Purchase,262552,0,51922235
2026-01-19,TXN100198,Vendor Payment - Raw Materials,595810,0,51326425
2026-01-20,TXN100199,International Client Payment,0,1198736,52525161
2026-01-21,TXN100200,Vendor Payment - Raw Materials,159160,0,52366001
2026-01-22,TXN100201,Export Payment,0,1291661,53657662
2026-01-23,TXN100202,Office Rent,341310,0,53316352
2026-01-24,TXN100203,Logistics Payment,194687,0,53121665
2026-01-25,TXN100204,GST Payment,433046,0,52688619
2026-01-26,TXN100205,Client Payment - Project B,0,897635,53586254
2026-01-27,TXN100206,Client Payment - Project B,0,1000499,54586753
2026-01-28,TXN100207,Machinery Purchase,918679,0,53668074
2026-01-29,TXN100208,Consultancy Fees,0,400208,54068282
2026-01-30,TXN100209,GST Payment,566015,0,53502267
2026-01-01,TXN100210,GST Payment,764577,0,52737690
2026-01-02,TXN100211,Electricity Bill,117440,0,52620250
2026-01-03,TXN100212,Dividend Received,0,690074,53310324
2026-01-04,TXN100213,Client Payment - Project B,0,450238,53760562
2026-01-05,TXN100214,Client Payment - Project A,0,979797,54740359
2026-01-06,TXN100215,Client Payment - Project B,0,615489,55355848
2026-01-07,TXN100216,Government Contract,0,115846,55471694
2026-01-08,TXN100217,Client Payment - Project A,0,1769475,57241169
2026-01-09,TXN100218,GST Payment,196205,0,57044964
2026-01-10,TXN100219,Government Contract,0,553320,57598284
2026-01-11,TXN100220,Dividend Received,0,680334,58278618
2026-01-12,TXN100221,Interest Credit,0,774310,59052928
2026-01-13,TXN100222,Machinery Purchase,82930,0,58969998
2026-01-14,TXN100223,Export Payment,0,1296704,60266702
2026-01-15,TXN100224,International Client Payment,0,1140692,61407394
2026-01-16,TXN100225,Loan EMI,992908,0,60414486
2026-01-17,TXN100226,GST Payment,54162,0,60360324
2026-01-18,TXN100227,Electricity Bill,132353,0,60227971
2026-01-19,TXN100228,Consultancy Fees,0,1267043,61495014
2026-01-20,TXN100229,International Client Payment,0,1608710,63103724
2026-01-21,TXN100230,International Client Payment,0,1933640,65037364
2026-01-22,TXN100231,Client Payment - Project A,0,1906730,66944094
2026-01-23,TXN100232,Loan EMI,154593,0,66789501
2026-01-24,TXN100233,Office Rent,748397,0,66041104
2026-01-25,TXN100234,Export Payment,0,665473,66706577
2026-01-26,TXN100235,Vendor Payment - Raw Materials,897983,0,65808594
2026-01-27,TXN100236,Vendor Payment - Raw Materials,202270,0,65606324
2026-01-28,TXN100237,Machinery Purchase,38873,0,65567451
2026-01-29,TXN100238,Dividend Received,0,1768366,67335817
2026-01-30,TXN100239,International Client Payment,0,1186028,68521845
2026-01-01,TXN100240,Loan EMI,870145,0,67651700
2026-01-02,TXN100241,Office Rent,585624,0,67066076
2026-01-03,TXN100242,Vendor Payment - Raw Materials,479962,0,66586114
2026-01-04,TXN100243,Client Payment - Project A,0,1725611,68311725
2026-01-05,TXN100244,International Client Payment,0,697399,69009124
2026-01-06,TXN100245,Vendor Payment - Raw Materials,190757,0,68818367
2026-01-07,TXN100246,Electricity Bill,887175,0,67931192
2026-01-08,TXN100247,Loan EMI,148764,0,67782428
2026-01-09,TXN100248,Office Rent,568135,0,67214293
2026-01-10,TXN100249,Client Payment - Project B,0,909687,68123980
2026-01-11,TXN100250,Export Payment,0,358769,68482749
2026-01-12,TXN100251,Client Payment - Project A,0,271504,68754253
2026-01-13,TXN100252,International Client Payment,0,1341835,70096088
2026-01-14,TXN100253,Office Rent,508948,0,69587140
2026-01-15,TXN100254,Vendor Payment - Raw Materials,334374,0,69252766
2026-01-16,TXN100255,Insurance Premium,252161,0,69000605
2026-01-17,TXN100256,Interest Credit,0,799356,69799961
2026-01-18,TXN100257,Client Payment - Project B,0,1767623,71567584
2026-01-19,TXN100258,GST Payment,177978,0,71389606
2026-01-20,TXN100259,Marketing Expenses,790724,0,70598882
2026-01-21,TXN100260,Consultancy Fees,0,1535231,72134113
2026-01-22,TXN100261,Insurance Premium,949341,0,71184772
2026-01-23,TXN100262,Government Contract,0,1892099,73076871
2026-01-24,TXN100263,Electricity Bill,58954,0,73017917
2026-01-25,TXN100264,Dividend Received,0,713328,73731245
2026-01-26,TXN100265,GST Payment,24036,0,73707209
2026-01-27,TXN100266,GST Payment,202887,0,73504322
2026-01-28,TXN100267,GST Payment,610047,0,72894275
2026-01-29,TXN100268,Interest Credit,0,827849,73722124
2026-01-30,TXN100269,Government Contract,0,449090,74171214
2026-01-01,TXN100270,Government Contract,0,1215020,75386234
2026-01-02,TXN100271,International Client Payment,0,52278,75438512
2026-01-03,TXN100272,Dividend Received,0,1387236,76825748
2026-01-04,TXN100273,Interest Credit,0,373227,77198975
2026-01-05,TXN100274,Consultancy Fees,0,1985137,79184112
2026-01-06,TXN100275,Electricity Bill,493707,0,78690405
2026-01-07,TXN100276,Export Payment,0,1313938,80004343
2026-01-08,TXN100277,International Client Payment,0,1695898,81700241
2026-01-09,TXN100278,Government Contract,0,904453,82604694
2026-01-10,TXN100279,GST Payment,353472,0,82251222
2026-01-11,TXN100280,Export Payment,0,1051857,83303079
2026-01-12,TXN100281,Office Rent,264694,0,83038385
2026-01-13,TXN100282,Marketing Expenses,183232,0,82855153
2026-01-14,TXN100283,Electricity Bill,461243,0,82393910
2026-01-15,TXN100284,Interest Credit,0,395185,82789095
2026-01-16,TXN100285,Salary Disbursement,481635,0,82307460
2026-01-17,TXN100286,Export Payment,0,1933744,84241204
2026-01-18,TXN100287,Export Payment,0,1707872,85949076
2026-01-19,TXN100288,Office Rent,535750,0,85413326
2026-01-20,TXN100289,Machinery Purchase,191880,0,85221446
2026-01-21,TXN100290,Consultancy Fees,0,1033497,86254943
2026-01-22,TXN100291,International Client Payment,0,63274,86318217
2026-01-23,TXN100292,Office Rent,785765,0,85532452
2026-01-24,TXN100293,Marketing Expenses,179502,0,85352950
2026-01-25,TXN100294,Machinery Purchase,770427,0,84582523
2026-01-26,TXN100295,Marketing Expenses,698782,0,83883741
2026-01-27,TXN100296,Electricity Bill,524182,0,83359559
2026-01-28,TXN100297,Dividend Received,0,1524969,84884528
2026-01-29,TXN100298,Logistics Payment,800085,0,84084443
2026-01-30,TXN100299,Dividend Received,0,1802704,85887147
2026-01-01,TXN100300,Office Rent,649562,0,85237585
2026-01-02,TXN100301,GST Payment,184131,0,85053454
2026-01-03,TXN100302,Client Payment - Project A,0,565992,85619446
2026-01-04,TXN100303,Office Rent,943012,0,84676434
2026-01-05,TXN100304,GST Payment,704201,0,83972233
2026-01-06,TXN100305,Interest Credit,0,66091,84038324
2026-01-07,TXN100306,Insurance Premium,676382,0,83361942
2026-01-08,TXN100307,Interest Credit,0,774669,84136611
2026-01-09,TXN100308,International Client Payment,0,800366,84936977
2026-01-10,TXN100309,Logistics Payment,507738,0,84429239
2026-01-11,TXN100310,Office Rent,513588,0,83915651
2026-01-12,TXN100311,Government Contract,0,1639093,85554744
2026-01-13,TXN100312,Export Payment,0,1018884,86573628
2026-01-14,TXN100313,Machinery Purchase,557632,0,86015996
2026-01-15,TXN100314,Client Payment - Project A,0,643631,86659627
2026-01-16,TXN100315,Insurance Premium,477170,0,86182457
2026-01-17,TXN100316,International Client Payment,0,821803,87004260
2026-01-18,TXN100317,Marketing Expenses,449798,0,86554462
2026-01-19,TXN100318,Client Payment - Project A,0,579348,87133810
2026-01-20,TXN100319,Loan EMI,45801,0,87088009
2026-01-21,TXN100320,Client Payment - Project A,0,223428,87311437
2026-01-22,TXN100321,International Client Payment,0,1961142,89272579
2026-01-23,TXN100322,Salary Disbursement,939262,0,88333317
2026-01-24,TXN100323,Dividend Received,0,1221178,89554495
2026-01-25,TXN100324,Machinery Purchase,470808,0,89083687
2026-01-26,TXN100325,Government Contract,0,947819,90031506
2026-01-27,TXN100326,Client Payment - Project A,0,1515658,91547164
2026-01-28,TXN100327,International Client Payment,0,1559149,93106313
2026-01-29,TXN100328,Vendor Payment - Raw Materials,235737,0,92870576
2026-01-30,TXN100329,Office Rent,485420,0,92385156
2026-01-01,TXN100330,Dividend Received,0,357058,92742214
2026-01-02,TXN100331,Office Rent,142447,0,92599767
2026-01-03,TXN100332,Marketing Expenses,83077,0,92516690
2026-01-04,TXN100333,Consultancy Fees,0,737467,93254157
2026-01-05,TXN100334,Export Payment,0,1143066,94397223
2026-01-06,TXN100335,GST Payment,209033,0,94188190
2026-01-07,TXN100336,Insurance Premium,830643,0,93357547
2026-01-08,TXN100337,Export Payment,0,1153326,94510873
2026-01-09,TXN100338,Machinery Purchase,333804,0,94177069
2026-01-10,TXN100339,Export Payment,0,1354627,95531696
2026-01-11,TXN100340,Consultancy Fees,0,1072490,96604186
2026-01-12,TXN100341,Marketing Expenses,638086,0,95966100
2026-01-13,TXN100342,Vendor Payment - Raw Materials,770440,0,95195660
2026-01-14,TXN100343,Client Payment - Project B,0,74034,95269694
2026-01-15,TXN100344,Insurance Premium,967855,0,94301839
2026-01-16,TXN100345,Insurance Premium,361797,0,93940042
2026-01-17,TXN100346,Client Payment - Project B,0,666658,94606700
2026-01-18,TXN100347,Loan EMI,271210,0,94335490
2026-01-19,TXN100348,Electricity Bill,492599,0,93842891
2026-01-20,TXN100349,Office Rent,142422,0,93700469
2026-01-21,TXN100350,Logistics Payment,104613,0,93595856
2026-01-22,TXN100351,Client Payment - Project B,0,360514,93956370
2026-01-23,TXN100352,Office Rent,795560,0,93160810
2026-01-24,TXN100353,Vendor Payment - Raw Materials,626948,0,92533862
2026-01-25,TXN100354,Client Payment - Project A,0,61262,92595124
2026-01-26,TXN100355,International Client Payment,0,1137709,93732833
2026-01-27,TXN100356,Consultancy Fees,0,142727,93875560
2026-01-28,TXN100357,Insurance Premium,960798,0,92914762
2026-01-29,TXN100358,Client Payment - Project A,0,1616013,94530775
2026-01-30,TXN100359,Insurance Premium,853095,0,93677680
2026-01-01,TXN100360,Government Contract,0,1851456,95529136
2026-01-02,TXN100361,Client Payment - Project B,0,938525,96467661
2026-01-03,TXN100362,Loan EMI,455896,0,96011765
2026-01-04,TXN100363,Loan EMI,401279,0,95610486
2026-01-05,TXN100364,Machinery Purchase,208649,0,95401837
2026-01-06,TXN100365,Office Rent,192406,0,95209431
2026-01-07,TXN100366,Export Payment,0,855811,96065242
2026-01-08,TXN100367,Salary Disbursement,783044,0,95282198
2026-01-09,TXN100368,Consultancy Fees,0,916376,96198574
2026-01-10,TXN100369,Dividend Received,0,429826,96628400
2026-01-11,TXN100370,Client Payment - Project B,0,409483,97037883
2026-01-12,TXN100371,Loan EMI,849293,0,96188590
2026-01-13,TXN100372,Salary Disbursement,800760,0,95387830
2026-01-14,TXN100373,GST Payment,263688,0,95124142
2026-01-15,TXN100374,Logistics Payment,950679,0,94173463
2026-01-16,TXN100375,Client Payment - Project A,0,801833,94975296
2026-01-17,TXN100376,Client Payment - Project A,0,1370114,96345410
2026-01-18,TXN100377,Export Payment,0,707692,97053102
2026-01-19,TXN100378,Dividend Received,0,350550,97403652
2026-01-20,TXN100379,International Client Payment,0,1678596,99082248
2026-01-21,TXN100380,Government Contract,0,1663137,100745385
2026-01-22,TXN100381,International Client Payment,0,319993,101065378
2026-01-23,TXN100382,Interest Credit,0,1658798,102724176
2026-01-24,TXN100383,Consultancy Fees,0,1812537,104536713
2026-01-25,TXN100384,Marketing Expenses,269754,0,104266959
2026-01-26,TXN100385,Export Payment,0,1189100,105456059
2026-01-27,TXN100386,GST Payment,800006,0,104656053
2026-01-28,TXN100387,International Client Payment,0,1309770,105965823
2026-01-29,TXN100388,Logistics Payment,884149,0,105081674
2026-01-30,TXN100389,Loan EMI,581111,0,104500563
2026-01-01,TXN100390,Interest Credit,0,1088794,105589357
2026-01-02,TXN100391,Vendor Payment - Raw Materials,507926,0,105081431
2026-01-03,TXN100392,Salary Disbursement,201631,0,104879800
2026-01-04,TXN100393,Vendor Payment - Raw Materials,420725,0,104459075
2026-01-05,TXN100394,Client Payment - Project A,0,1315543,105774618
2026-01-06,TXN100395,Electricity Bill,465731,0,105308887
2026-01-07,TXN100396,Marketing Expenses,981074,0,104327813
2026-01-08,TXN100397,Machinery Purchase,692862,0,103634951
2026-01-09,TXN100398,Marketing Expenses,482457,0,103152494
2026-01-10,TXN100399,Marketing Expenses,169923,0,102982571
2026-01-11,TXN100400,Interest Credit,0,1237506,104220077
2026-01-12,TXN100401,GST Payment,698302,0,103521775
2026-01-13,TXN100402,Interest Credit,0,1460516,104982291
2026-01-14,TXN100403,Dividend Received,0,71624,105053915
2026-01-15,TXN100404,Machinery Purchase,237166,0,104816749
2026-01-16,TXN100405,Interest Credit,0,601946,105418695
2026-01-17,TXN100406,International Client Payment,0,1141281,106559976
2026-01-18,TXN100407,Machinery Purchase,496955,0,106063021
2026-01-19,TXN100408,Marketing Expenses,198355,0,105864666
2026-01-20,TXN100409,GST Payment,934037,0,104930629
2026-01-21,TXN100410,Client Payment - Project B,0,383223,105313852
2026-01-22,TXN100411,Machinery Purchase,68366,0,105245486
2026-01-23,TXN100412,Export Payment,0,1806022,107051508
2026-01-24,TXN100413,Loan EMI,849441,0,106202067
2026-01-25,TXN100414,Electricity Bill,712092,0,105489975
2026-01-26,TXN100415,Insurance Premium,845948,0,104644027
2026-01-27,TXN100416,Electricity Bill,478455,0,104165572
2026-01-28,TXN100417,Loan EMI,494095,0,103671477
2026-01-29,TXN100418,Insurance Premium,791135,0,102880342
2026-01-30,TXN100419,Consultancy Fees,0,699244,103579586
2026-01-01,TXN100420,GST Payment,173522,0,103406064
2026-01-02,TXN100421,Machinery Purchase,330630,0,103075434
2026-01-03,TXN100422,Machinery Purchase,189428,0,102886006
2026-01-04,TXN100423,Loan EMI,860916,0,102025090
2026-01-05,TXN100424,Government Contract,0,1513387,103538477
2026-01-06,TXN100425,Export Payment,0,1716941,105255418
2026-01-07,TXN100426,Consultancy Fees,0,1472771,106728189
2026-01-08,TXN100427,Interest Credit,0,1811186,108539375
2026-01-09,TXN100428,Marketing Expenses,717541,0,107821834
2026-01-10,TXN100429,Client Payment - Project B,0,1416342,109238176
2026-01-11,TXN100430,International Client Payment,0,826368,110064544
2026-01-12,TXN100431,Client Payment - Project A,0,1854517,111919061
2026-01-13,TXN100432,Client Payment - Project A,0,1440395,113359456
2026-01-14,TXN100433,Salary Disbursement,880329,0,112479127
2026-01-15,TXN100434,Loan EMI,243404,0,112235723
2026-01-16,TXN100435,Dividend Received,0,1891303,114127026
2026-01-17,TXN100436,Machinery Purchase,287211,0,113839815
2026-01-18,TXN100437,Export Payment,0,1568762,115408577
2026-01-19,TXN100438,Interest Credit,0,299080,115707657
2026-01-20,TXN100439,Office Rent,57540,0,115650117
2026-01-21,TXN100440,Logistics Payment,970058,0,114680059
2026-01-22,TXN100441,Office Rent,186921,0,114493138
2026-01-23,TXN100442,Salary Disbursement,140758,0,114352380
2026-01-24,TXN100443,International Client Payment,0,1707495,116059875
2026-01-25,TXN100444,Dividend Received,0,1785765,117845640
2026-01-26,TXN100445,GST Payment,132056,0,117713584
2026-01-27,TXN100446,Interest Credit,0,928813,118642397
2026-01-28,TXN100447,Electricity Bill,739870,0,117902527
2026-01-29,TXN100448,Government Contract,0,460621,118363148
2026-01-30,TXN100449,Office Rent,790780,0,117572368
2026-01-01,TXN100450,Loan EMI,746382,0,116825986
2026-01-02,TXN100451,Machinery Purchase,685656,0,116140330
2026-01-03,TXN100452,Consultancy Fees,0,547149,116687479
2026-01-04,TXN100453,Export Payment,0,629667,117317146
2026-01-05,TXN100454,Loan EMI,464974,0,116852172
2026-01-06,TXN100455,Salary Disbursement,606027,0,116246145
2026-01-07,TXN100456,International Client Payment,0,1326570,117572715
2026-01-08,TXN100457,Marketing Expenses,715220,0,116857495
2026-01-09,TXN100458,International Client Payment,0,163579,117021074
2026-01-10,TXN100459,Loan EMI,525908,0,116495166
2026-01-11,TXN100460,International Client Payment,0,637646,117132812
2026-01-12,TXN100461,Marketing Expenses,454557,0,116678255
2026-01-13,TXN100462,Vendor Payment - Raw Materials,950225,0,115728030
2026-01-14,TXN100463,Marketing Expenses,734603,0,114993427
2026-01-15,TXN100464,Client Payment - Project B,0,453508,115446935
2026-01-16,TXN100465,Vendor Payment - Raw Materials,353440,0,115093495
2026-01-17,TXN100466,Dividend Received,0,1415113,116508608
2026-01-18,TXN100467,Salary Disbursement,674707,0,115833901
2026-01-19,TXN100468,Client Payment - Project B,0,513420,116347321
2026-01-20,TXN100469,Vendor Payment - Raw Materials,840082,0,115507239
2026-01-21,TXN100470,Export Payment,0,1320892,116828131
2026-01-22,TXN100471,Insurance Premium,934027,0,115894104
2026-01-23,TXN100472,Logistics Payment,462569,0,115431535
2026-01-24,TXN100473,Client Payment - Project A,0,1588808,117020343
2026-01-25,TXN100474,Machinery Purchase,64120,0,116956223
2026-01-26,TXN100475,Consultancy Fees,0,591700,117547923
2026-01-27,TXN100476,Consultancy Fees,0,1901179,119449102
2026-01-28,TXN100477,Export Payment,0,644164,120093266
2026-01-29,TXN100478,Marketing Expenses,193600,0,119899666
2026-01-30,TXN100479,Machinery Purchase,446488,0,119453178
2026-01-01,TXN100480,Dividend Received,0,1699021,121152199
2026-01-02,TXN100481,Export Payment,0,1359230,122511429
2026-01-03,TXN100482,Office Rent,48491,0,122462938
2026-01-04,TXN100483,Machinery Purchase,650718,0,121812220
2026-01-05,TXN100484,Dividend Received,0,419293,122231513
2026-01-06,TXN100485,Loan EMI,295914,0,121935599
2026-01-07,TXN100486,Client Payment - Project B,0,1754537,123690136
2026-01-08,TXN100487,Consultancy Fees,0,1865626,125555762
2026-01-09,TXN100488,Export Payment,0,1015579,126571341
2026-01-10,TXN100489,Loan EMI,210948,0,126360393
2026-01-11,TXN100490,Marketing Expenses,160188,0,126200205
2026-01-12,TXN100491,Export Payment,0,1852443,128052648
2026-01-13,TXN100492,Office Rent,635074,0,127417574
2026-01-14,TXN100493,Machinery Purchase,94663,0,127322911
2026-01-15,TXN100494,Insurance Premium,865162,0,126457749
2026-01-16,TXN100495,Machinery Purchase,456729,0,126001020
2026-01-17,TXN100496,Interest Credit,0,1699931,127700951
2026-01-18,TXN100497,Consultancy Fees,0,669542,128370493
2026-01-19,TXN100498,International Client Payment,0,1041003,129411496
2026-01-20,TXN100499,Interest Credit,0,885790,130297286
2026-01-21,TXN100500,GST Payment,385129,0,129912157
